{"cameraMode":{"drawMode":0,"name":"Shaded","section":"Shading Mode"},"sceneLighting":true,"audioPlay":false,"sceneViewState":{"showFog":true,"showMaterialUpdate":true,"showSkybox":true,"showFlares":true,"showImageEffects":true,"showParticleSystems":true},"in2DMode":false,"pivot":{"x":0.27111971378326418,"y":13.420971870422364,"z":0.08437812328338623},"rotation":{"x":-0.251695454120636,"y":-0.14509542286396027,"z":0.03816188871860504,"w":-0.956138551235199},"size":1.4264228343963624,"orthographic":false}